Company Name,Contact Name,Phone,Email,Website,Specialty,Priority,Contact Form URL,Guessed Email,Category,Email Greeting,Cold Email,Sent,Score,Thursday Batch
The PEST Group,,(888) 298-0465,,https://www.thepestgroup.com/,Commercial & residential pest control - Southern California,HIGH,https://www.thepestgroup.com/contact/,info@thepestgroup.com,pest control,Hi The PEST Group team,"Hi The PEST Group team,

I run a service that sends pest control companies a list of LA County restaurant closures and failed health inspections twice a week. We add the phone number, Google Maps link, and website for each one and deliver it by email, text, spreadsheet, or map. Ready to call, no research needed.

You can see a sample here: https://closurealert.tideloop.co/

Ara",,4,
Pest Innovations Inc,,(626) 335-4441,,https://www.pestinnovations.com/,Eco-friendly commercial pest control - LA/OC/IE - 25+ years,HIGH,https://www.pestinnovations.com/contact/,info@pestinnovations.com,pest control,Hi Pest Innovations Inc team,"Hi Pest Innovations Inc team,

I run a service that sends pest control companies a list of LA County restaurant closures and failed health inspections twice a week. We add the phone number, Google Maps link, and website for each one and deliver it by email, text, spreadsheet, or map. Ready to call, no research needed.

You can see a sample here: https://closurealert.tideloop.co/

Ara",,2,
Versa-Tech Pest Management,Jason Baacke,(888) 429-1213,,https://versatechpm.com/,Forensic pest control & rodent management - San Gabriel Valley,HIGH,https://versatechpm.com/contact/,info@versatechpm.com | jason@versatechpm.com,pest control,Hi Jason,"Hi Jason,

I run a service that sends pest control companies a list of LA County restaurant closures and failed health inspections twice a week. We add the phone number, Google Maps link, and website for each one and deliver it by email, text, spreadsheet, or map. Ready to call, no research needed.

You can see a sample here: https://closurealert.tideloop.co/

Ara",Yes,5,
Guarantee Pest Control,,(800) 507-3787,guaranteepestcon@sbcglobal.net,https://guaranteepestcontrol.net/,Commercial/industrial/residential since 1958 - family owned,HIGH,,,pest control,Hi Guarantee Pest Control team,"Hi Guarantee Pest Control team,

I run a service that sends pest control companies a list of LA County restaurant closures and failed health inspections twice a week. We add the phone number, Google Maps link, and website for each one and deliver it by email, text, spreadsheet, or map. Ready to call, no research needed.

You can see a sample here: https://closurealert.tideloop.co/

Ara",,5,
Eastern Termite & Pest Control,,(323) 373-9992,pest@easterncontrol.com,https://easterncontrol.com/,Pest control bed bugs termites mold - LA/OC/Riverside/SB,,,,pest control,Hi Eastern Termite & Pest Control team,"Hi Eastern Termite & Pest Control team,

I run a service that sends pest control companies a list of LA County restaurant closures and failed health inspections twice a week. We add the phone number, Google Maps link, and website for each one and deliver it by email, text, spreadsheet, or map. Ready to call, no research needed.

You can see a sample here: https://closurealert.tideloop.co/

Ara",,2,
Aloha Commercial Pest Services,,(323) 263-7359,info@alohabugs.com,http://alohabugs.com/,Commercial pest control specializing in restaurant accounts,HIGH,,,pest control,Hi Aloha Commercial Pest Services team,"Hi Aloha Commercial Pest Services team,

I run a service that sends pest control companies a list of LA County restaurant closures and failed health inspections twice a week. We add the phone number, Google Maps link, and website for each one and deliver it by email, text, spreadsheet, or map. Ready to call, no research needed.

You can see a sample here: https://closurealert.tideloop.co/

Ara",Yes,7,
A Step Above Pest Control,,(323) 716-1725,,https://www.astepabovepestcontrol.com/,Commercial & residential - 30+ years - LA,HIGH,https://www.astepabovepestcontrol.com/contact/,info@astepabovepestcontrol.com,pest control,Hi A Step Above Pest Control team,"Hi A Step Above Pest Control team,

I run a service that sends pest control companies a list of LA County restaurant closures and failed health inspections twice a week. We add the phone number, Google Maps link, and website for each one and deliver it by email, text, spreadsheet, or map. Ready to call, no research needed.

You can see a sample here: https://closurealert.tideloop.co/

Ara",,2,
Gorilla Pest Control,George Castillo,(888) 777-1810,,http://gorillapestcontrol.com/,Commercial residential industrial - LA/OC/SB/Riverside/Ventura,HIGH,http://gorillapestcontrol.com/contact/,info@gorillapestcontrol.com | george@gorillapestcontrol.com,pest control,Hi George,"Hi George,

I run a service that sends pest control companies a list of LA County restaurant closures and failed health inspections twice a week. We add the phone number, Google Maps link, and website for each one and deliver it by email, text, spreadsheet, or map. Ready to call, no research needed.

You can see a sample here: https://closurealert.tideloop.co/

Ara",,7,10
360 Rodent Control,,(866) 855-5065,360rodentontrol@gmail.com,https://360rodentcontrol.com/,Eco-friendly rodent control - family owned - commercial,HIGH,,,pest control,Hi 360 Rodent Control team,"Hi 360 Rodent Control team,

I run a service that sends pest control companies a list of LA County restaurant closures and failed health inspections twice a week. We add the phone number, Google Maps link, and website for each one and deliver it by email, text, spreadsheet, or map. Ready to call, no research needed.

You can see a sample here: https://closurealert.tideloop.co/

Ara",,6,
Five Star Pest Control,,(808) 345-7898,hlontoc@fivestarpestcontrol.biz,https://www.excellencepestcontrol.com/,Pest control - LA - Atwater Village,,,,pest control,Hi Five Star Pest Control team,"Hi Five Star Pest Control team,

I run a service that sends pest control companies a list of LA County restaurant closures and failed health inspections twice a week. We add the phone number, Google Maps link, and website for each one and deliver it by email, text, spreadsheet, or map. Ready to call, no research needed.

You can see a sample here: https://closurealert.tideloop.co/

Ara",,2,
Green Termite & Pest Control,,(213) 387-1085,,http://www.greentermite.com/,Termite & pest control commercial & residential - LA/OC,HIGH,http://www.greentermite.com/contact/,info@greentermite.com,pest control,Hi Green Termite & Pest Control team,"Hi Green Termite & Pest Control team,

I run a service that sends pest control companies a list of LA County restaurant closures and failed health inspections twice a week. We add the phone number, Google Maps link, and website for each one and deliver it by email, text, spreadsheet, or map. Ready to call, no research needed.

You can see a sample here: https://closurealert.tideloop.co/

Ara",,4,
Coleman's Pest Control,Coleman Hart,(323) 731-8771,,https://www.bbb.org/us/ca/los-angeles/profile/pest-control/colemans-pest-control-1216-15576,Pest control fumigation termites - 58 years - family owned,HIGH,,,pest control,Hi Coleman,"Hi Coleman,

I run a service that sends pest control companies a list of LA County restaurant closures and failed health inspections twice a week. We add the phone number, Google Maps link, and website for each one and deliver it by email, text, spreadsheet, or map. Ready to call, no research needed.

You can see a sample here: https://closurealert.tideloop.co/

Ara",,2,
Rodent Control Inc,,(833) 376-3368,,https://rodentcontrolinc.com/,Rodent control - commercial & residential - since 1999 - A+ BBB,HIGH,https://rodentcontrolinc.com/contact/,info@rodentcontrolinc.com,pest control,Hi Rodent Control Inc team,"Hi Rodent Control Inc team,

I run a service that sends pest control companies a list of LA County restaurant closures and failed health inspections twice a week. We add the phone number, Google Maps link, and website for each one and deliver it by email, text, spreadsheet, or map. Ready to call, no research needed.

You can see a sample here: https://closurealert.tideloop.co/

Ara",,4,
Excellence Pest Control,,(877) 606-2847,excellence.pestcontrol@yahoo.com,https://www.excellencepestcontrol.com/,Commercial industrial residential pest control - 18 years - family owned,HIGH,,,pest control,Hi Excellence Pest Control team,"Hi Excellence Pest Control team,

I run a service that sends pest control companies a list of LA County restaurant closures and failed health inspections twice a week. We add the phone number, Google Maps link, and website for each one and deliver it by email, text, spreadsheet, or map. Ready to call, no research needed.

You can see a sample here: https://closurealert.tideloop.co/

Ara",,6,
Hearts Pest Management,,(800) 986-1006,Support@heartspm.com,https://www.heartspm.com/,Commercial pest control restaurants hotels - eco-friendly - 30+ years,HIGH,,,pest control,Hi Hearts Pest Management team,"Hi Hearts Pest Management team,

I run a service that sends pest control companies a list of LA County restaurant closures and failed health inspections twice a week. We add the phone number, Google Maps link, and website for each one and deliver it by email, text, spreadsheet, or map. Ready to call, no research needed.

You can see a sample here: https://closurealert.tideloop.co/

Ara",Yes,5,
American Rat Control,Louis Rico,(310) 397-8275,,https://americanratcontrol.com/,Rodent control for restaurants apartments commercial - 40+ years,HIGH,https://americanratcontrol.com/contact/,info@americanratcontrol.com | louis@americanratcontrol.com,pest control,Hi Louis,"Hi Louis,

I run a service that sends pest control companies a list of LA County restaurant closures and failed health inspections twice a week. We add the phone number, Google Maps link, and website for each one and deliver it by email, text, spreadsheet, or map. Ready to call, no research needed.

You can see a sample here: https://closurealert.tideloop.co/

Ara",Yes,7,
Rodents Stop,,,,https://rodentsstop.com/,Rodent control - poison-free - family owned - lifetime guarantee,,https://rodentsstop.com/contact/,info@rodentsstop.com,pest control,Hi Rodents Stop team,"Hi Rodents Stop team,

I run a service that sends pest control companies a list of LA County restaurant closures and failed health inspections twice a week. We add the phone number, Google Maps link, and website for each one and deliver it by email, text, spreadsheet, or map. Ready to call, no research needed.

You can see a sample here: https://closurealert.tideloop.co/

Ara",,0,
Pest Solutions SoCal,,,,https://www.pestsolutionssocal.com/,Pest control - LA & Orange County - since 2002,,https://www.pestsolutionssocal.com/contact/,info@pestsolutionssocal.com,pest control,Hi Pest Solutions SoCal team,"Hi Pest Solutions SoCal team,

I run a service that sends pest control companies a list of LA County restaurant closures and failed health inspections twice a week. We add the phone number, Google Maps link, and website for each one and deliver it by email, text, spreadsheet, or map. Ready to call, no research needed.

You can see a sample here: https://closurealert.tideloop.co/

Ara",,0,
Advanced IPM,,,,https://advancedipm.com/,Commercial & residential pest control since 1981 - CA & NV,HIGH,https://advancedipm.com/contact/,info@advancedipm.com,pest control,Hi Advanced IPM team,"Hi Advanced IPM team,

I run a service that sends pest control companies a list of LA County restaurant closures and failed health inspections twice a week. We add the phone number, Google Maps link, and website for each one and deliver it by email, text, spreadsheet, or map. Ready to call, no research needed.

You can see a sample here: https://closurealert.tideloop.co/

Ara",,3,
Established Janitorial,,(310) 619-5544,info@establishedjanitorial.com,https://www.establishedjanitorial.com/,Restaurant & bar cleaning - kitchen deep cleaning - LA/OC - 15 years,HIGH,,,commercial cleaning,Hi Established Janitorial team,"Hi Established Janitorial team,

I run a service that sends commercial cleaning companies a list of LA County restaurant closures and failed health inspections twice a week. We add the phone number, Google Maps link, and website for each one and deliver it by email, text, spreadsheet, or map. Ready to call, no research needed.

You can see a sample here: https://closurealert.tideloop.co/

Ara",,7,11
Top To Bottom Deep Cleaning,Bryan,(323) 608-9022,toptobottom0491@gmail.com,https://toptobottomdeepcleaning.com/,Hood cleaning commercial kitchen - San Fernando Valley/LA,HIGH,,,commercial cleaning,Hi Bryan,"Hi Bryan,

I run a service that sends commercial cleaning companies a list of LA County restaurant closures and failed health inspections twice a week. We add the phone number, Google Maps link, and website for each one and deliver it by email, text, spreadsheet, or map. Ready to call, no research needed.

You can see a sample here: https://closurealert.tideloop.co/

Ara",,14,1
The Grease Company,,(888) 697-8910,info@thegreasecompany.com,https://thegreasecompany.com/,Grease trap cleaning used cooking oil hydro-jetting - all SoCal,HIGH,,,commercial cleaning,Hi The Grease Company team,"Hi The Grease Company team,

I run a service that sends commercial cleaning companies a list of LA County restaurant closures and failed health inspections twice a week. We add the phone number, Google Maps link, and website for each one and deliver it by email, text, spreadsheet, or map. Ready to call, no research needed.

You can see a sample here: https://closurealert.tideloop.co/

Ara",,6,
LA Hood Cleaning,,(818) 423-5505,office@lahoodcleaning.com,https://lahoodcleaning.com/,Hood & exhaust cleaning fire safety compliance - Greater LA,HIGH,,,commercial cleaning,Hi LA Hood Cleaning team,"Hi LA Hood Cleaning team,

I run a service that sends commercial cleaning companies a list of LA County restaurant closures and failed health inspections twice a week. We add the phone number, Google Maps link, and website for each one and deliver it by email, text, spreadsheet, or map. Ready to call, no research needed.

You can see a sample here: https://closurealert.tideloop.co/

Ara",,6,
DNR Commercial Kitchen Cleaning,Mike,(661) 400-7977,Mikewithdnr@gmail.com,https://dnrcommercialkitchencleaning.com/,Commercial kitchen degreasing deep cleaning - LA,HIGH,,,commercial cleaning,Hi Mike,"Hi Mike,

I run a service that sends commercial cleaning companies a list of LA County restaurant closures and failed health inspections twice a week. We add the phone number, Google Maps link, and website for each one and deliver it by email, text, spreadsheet, or map. Ready to call, no research needed.

You can see a sample here: https://closurealert.tideloop.co/

Ara",Yes,14,
CE Kitchen Cleaning,,(323) 515-9552,cekitchencleaning@gmail.com,https://www.steamcleaning.us/,Commercial kitchen deep steam cleaning - Culver City/LA - 12 years,HIGH,,,commercial cleaning,Hi CE Kitchen Cleaning team,"Hi CE Kitchen Cleaning team,

I run a service that sends commercial cleaning companies a list of LA County restaurant closures and failed health inspections twice a week. We add the phone number, Google Maps link, and website for each one and deliver it by email, text, spreadsheet, or map. Ready to call, no research needed.

You can see a sample here: https://closurealert.tideloop.co/

Ara",,11,2
Master Cleaner Corporation,,(844) 622-6777,,http://masterclnr.com/,Hood cleaning exhaust kitchen deep cleaning - restaurants hotels,HIGH,http://masterclnr.com/contact/,info@masterclnr.com,commercial cleaning,Hi Master Cleaner Corporation team,"Hi Master Cleaner Corporation team,

I run a service that sends commercial cleaning companies a list of LA County restaurant closures and failed health inspections twice a week. We add the phone number, Google Maps link, and website for each one and deliver it by email, text, spreadsheet, or map. Ready to call, no research needed.

You can see a sample here: https://closurealert.tideloop.co/

Ara",,6,
LC Cleaning Inc,,Luis,Luis@LCCleanings.Com,https://www.lccleanings.com/,Restaurant cleaning - OC and LA areas,HIGH,,,commercial cleaning,Hi LC Cleaning Inc team,"Hi LC Cleaning Inc team,

I run a service that sends commercial cleaning companies a list of LA County restaurant closures and failed health inspections twice a week. We add the phone number, Google Maps link, and website for each one and deliver it by email, text, spreadsheet, or map. Ready to call, no research needed.

You can see a sample here: https://closurealert.tideloop.co/

Ara",,7,12
Executive Cleaning Services,,,,https://executive-clean.com/,Restaurant kitchen cleaning - family owned - 43 years - LA,HIGH,https://executive-clean.com/contact/,info@executive-clean.com,commercial cleaning,Hi Executive Cleaning Services team,"Hi Executive Cleaning Services team,

I run a service that sends commercial cleaning companies a list of LA County restaurant closures and failed health inspections twice a week. We add the phone number, Google Maps link, and website for each one and deliver it by email, text, spreadsheet, or map. Ready to call, no research needed.

You can see a sample here: https://closurealert.tideloop.co/

Ara",,3,
Imagine It Clean,,,,https://imagineitclean.com/,Commercial janitorial restaurant kitchen cleaning - LA County,HIGH,https://imagineitclean.com/contact/,info@imagineitclean.com,commercial cleaning,Hi Imagine It Clean team,"Hi Imagine It Clean team,

I run a service that sends commercial cleaning companies a list of LA County restaurant closures and failed health inspections twice a week. We add the phone number, Google Maps link, and website for each one and deliver it by email, text, spreadsheet, or map. Ready to call, no research needed.

You can see a sample here: https://closurealert.tideloop.co/

Ara",,8,5
Hydrex Pest Control,,(818) 248-5186,info@hydrexglendale.com,https://www.hydrexglendale.com/,Commercial & residential - Glendale/Burbank/Pasadena - 70+ years,HIGH,,,pest control,Hi Hydrex Pest Control team,"Hi Hydrex Pest Control team,

I run a service that sends pest control companies a list of LA County restaurant closures and failed health inspections twice a week. We add the phone number, Google Maps link, and website for each one and deliver it by email, text, spreadsheet, or map. Ready to call, no research needed.

You can see a sample here: https://closurealert.tideloop.co/

Ara",,5,
Glendale Pest Pros,,(818) 306-1952,,https://glendalepestpros.com/,Commercial pest control restaurants - Glendale/Burbank area,HIGH,https://glendalepestpros.com/contact/,info@glendalepestpros.com,pest control,Hi Glendale Pest Pros team,"Hi Glendale Pest Pros team,

I run a service that sends pest control companies a list of LA County restaurant closures and failed health inspections twice a week. We add the phone number, Google Maps link, and website for each one and deliver it by email, text, spreadsheet, or map. Ready to call, no research needed.

You can see a sample here: https://closurealert.tideloop.co/

Ara",,6,
Pacific Exterminator,,(800) 611-0127,,https://pacificexterminators.com/,Pest control - locally owned - Glendale/Pasadena/Burbank,HIGH,https://pacificexterminators.com/contact/,info@pacificexterminators.com,pest control,Hi Pacific Exterminator team,"Hi Pacific Exterminator team,

I run a service that sends pest control companies a list of LA County restaurant closures and failed health inspections twice a week. We add the phone number, Google Maps link, and website for each one and deliver it by email, text, spreadsheet, or map. Ready to call, no research needed.

You can see a sample here: https://closurealert.tideloop.co/

Ara",,2,
Rousselle Exterminators,,(562) 692-0481,info@rousselletermite.com,https://www.rousselletermite.com/,Termite & pest control - Whittier/Montebello/Downey - since 1957,,,,pest control,Hi Rousselle Exterminators team,"Hi Rousselle Exterminators team,

I run a service that sends pest control companies a list of LA County restaurant closures and failed health inspections twice a week. We add the phone number, Google Maps link, and website for each one and deliver it by email, text, spreadsheet, or map. Ready to call, no research needed.

You can see a sample here: https://closurealert.tideloop.co/

Ara",,2,
Active Termite & Pest Control,,(877) 577-3787,AlwaysActive@activepestctrl.com,https://www.activepestctrl.com/,Commercial pest & termite - Bellflower/LA/OC - since 2006,HIGH,,,pest control,Hi Active Termite & Pest Control team,"Hi Active Termite & Pest Control team,

I run a service that sends pest control companies a list of LA County restaurant closures and failed health inspections twice a week. We add the phone number, Google Maps link, and website for each one and deliver it by email, text, spreadsheet, or map. Ready to call, no research needed.

You can see a sample here: https://closurealert.tideloop.co/

Ara",,5,
West Covina Pest Control,,(626) 784-6650,info@westcovinapestcontrol.com,https://westcovinapestcontrol.com/,Commercial pest control - West Covina/SGV - eco-friendly,HIGH,,,pest control,Hi West Covina Pest Control team,"Hi West Covina Pest Control team,

I run a service that sends pest control companies a list of LA County restaurant closures and failed health inspections twice a week. We add the phone number, Google Maps link, and website for each one and deliver it by email, text, spreadsheet, or map. Ready to call, no research needed.

You can see a sample here: https://closurealert.tideloop.co/

Ara",,5,
UnBugMe Pest Control,,(818) 510-0629,Unbugme@unbugmepestcontrol.com,https://www.unbugmepestcontrol.com/,Commercial & residential - Van Nuys/SFV - same day service,HIGH,,,pest control,Hi UnBugMe Pest Control team,"Hi UnBugMe Pest Control team,

I run a service that sends pest control companies a list of LA County restaurant closures and failed health inspections twice a week. We add the phone number, Google Maps link, and website for each one and deliver it by email, text, spreadsheet, or map. Ready to call, no research needed.

You can see a sample here: https://closurealert.tideloop.co/

Ara",,5,
Cleargate Pest Defense,Jason,(833) 773-7833,jason@cleargatepest.com,https://cleargatepest.com/,Pest control - Canoga Park/LA - residential & commercial,HIGH,,,pest control,Hi Jason,"Hi Jason,

I run a service that sends pest control companies a list of LA County restaurant closures and failed health inspections twice a week. We add the phone number, Google Maps link, and website for each one and deliver it by email, text, spreadsheet, or map. Ready to call, no research needed.

You can see a sample here: https://closurealert.tideloop.co/

Ara",,8,6
A1 Termite & Pest Control,,(213) 388-4506,a1termiteandpest@yahoo.com,https://www.losangelestermiteinspections.com/,Termite & pest - commercial & residential - LA/OC,HIGH,,,pest control,Hi A1 Termite & Pest Control team,"Hi A1 Termite & Pest Control team,

I run a service that sends pest control companies a list of LA County restaurant closures and failed health inspections twice a week. We add the phone number, Google Maps link, and website for each one and deliver it by email, text, spreadsheet, or map. Ready to call, no research needed.

You can see a sample here: https://closurealert.tideloop.co/

Ara",,6,
Restoration Pest Control,,(818) 533-8571,,https://www.yelp.com/biz/restoration-pest-control-panorama-city-4,Pest control - Panorama City/SFV - affordable,,,,pest control,Hi Restoration Pest Control team,"Hi Restoration Pest Control team,

I run a service that sends pest control companies a list of LA County restaurant closures and failed health inspections twice a week. We add the phone number, Google Maps link, and website for each one and deliver it by email, text, spreadsheet, or map. Ready to call, no research needed.

You can see a sample here: https://closurealert.tideloop.co/

Ara",,0,
Stanley Pest Control,,(800) 566-2505,,https://www.stanleypest.com/,Restaurant food service pest control - Long Beach/LA,HIGH,https://www.stanleypest.com/contact/,info@stanleypest.com,pest control,Hi Stanley Pest Control team,"Hi Stanley Pest Control team,

I run a service that sends pest control companies a list of LA County restaurant closures and failed health inspections twice a week. We add the phone number, Google Maps link, and website for each one and deliver it by email, text, spreadsheet, or map. Ready to call, no research needed.

You can see a sample here: https://closurealert.tideloop.co/

Ara",,3,
Pest Solutions SoCal (updated),,(800) 681-5141,,https://www.pestsolutionssocal.com/,Commercial pest control hotels restaurants - LA/OC - since 2002,HIGH,https://www.pestsolutionssocal.com/contact/,info@pestsolutionssocal.com,pest control,Hi Pest Solutions SoCal (updated) team,"Hi Pest Solutions SoCal (updated) team,

I run a service that sends pest control companies a list of LA County restaurant closures and failed health inspections twice a week. We add the phone number, Google Maps link, and website for each one and deliver it by email, text, spreadsheet, or map. Ready to call, no research needed.

You can see a sample here: https://closurealert.tideloop.co/

Ara",,6,
HomeShield Pest Control,,(714) 702-1058,,https://www.homeshieldpestcontrol.com/,Commercial pest control - LA County - eco-friendly affordable,HIGH,https://www.homeshieldpestcontrol.com/contact/,info@homeshieldpestcontrol.com,pest control,Hi HomeShield Pest Control team,"Hi HomeShield Pest Control team,

I run a service that sends pest control companies a list of LA County restaurant closures and failed health inspections twice a week. We add the phone number, Google Maps link, and website for each one and deliver it by email, text, spreadsheet, or map. Ready to call, no research needed.

You can see a sample here: https://closurealert.tideloop.co/

Ara",,4,
Top Tier Hood Cleaning,,(323) 391-5100,info@toptierhoodcleaningservices.com,https://toptierhoodcleaningservices.com/,Hood cleaning exhaust cleaning - LA County/OC,HIGH,,,commercial cleaning,Hi Top Tier Hood Cleaning team,"Hi Top Tier Hood Cleaning team,

I run a service that sends commercial cleaning companies a list of LA County restaurant closures and failed health inspections twice a week. We add the phone number, Google Maps link, and website for each one and deliver it by email, text, spreadsheet, or map. Ready to call, no research needed.

You can see a sample here: https://closurealert.tideloop.co/

Ara",,6,
Bryan Exhaust Service,,,,https://bryanexhaust.com/,Kitchen exhaust cleaning - veteran owned - LA/OC/SD/SB/Riverside,HIGH,https://bryanexhaust.com/contact/,info@bryanexhaust.com,commercial cleaning,Hi Bryan Exhaust Service team,"Hi Bryan Exhaust Service team,

I run a service that sends commercial cleaning companies a list of LA County restaurant closures and failed health inspections twice a week. We add the phone number, Google Maps link, and website for each one and deliver it by email, text, spreadsheet, or map. Ready to call, no research needed.

You can see a sample here: https://closurealert.tideloop.co/

Ara",,5,
GreaseAway,,(844) 234-2929,,https://www.greaseaway.com/,Kitchen exhaust hood duct cleaning - OC/LA,HIGH,https://www.greaseaway.com/contact/,info@greaseaway.com,commercial cleaning,Hi GreaseAway team,"Hi GreaseAway team,

I run a service that sends commercial cleaning companies a list of LA County restaurant closures and failed health inspections twice a week. We add the phone number, Google Maps link, and website for each one and deliver it by email, text, spreadsheet, or map. Ready to call, no research needed.

You can see a sample here: https://closurealert.tideloop.co/

Ara",,6,
Octo Pro Wash,,(844) 492-7422,,https://octoprowash.com/,Commercial hood cleaning - Los Angeles,HIGH,https://octoprowash.com/contact/,info@octoprowash.com,commercial cleaning,Hi Octo Pro Wash team,"Hi Octo Pro Wash team,

I run a service that sends commercial cleaning companies a list of LA County restaurant closures and failed health inspections twice a week. We add the phone number, Google Maps link, and website for each one and deliver it by email, text, spreadsheet, or map. Ready to call, no research needed.

You can see a sample here: https://closurealert.tideloop.co/

Ara",,7,13
M&E Best Fire Protection,,(888) 702-3473,,https://www.mebestfireprotection.com/,Hood fire suppression cleaning - LA restaurants,HIGH,https://www.mebestfireprotection.com/contact/,info@mebestfireprotection.com,commercial cleaning,Hi M&E Best Fire Protection team,"Hi M&E Best Fire Protection team,

I run a service that sends commercial cleaning companies a list of LA County restaurant closures and failed health inspections twice a week. We add the phone number, Google Maps link, and website for each one and deliver it by email, text, spreadsheet, or map. Ready to call, no research needed.

You can see a sample here: https://closurealert.tideloop.co/

Ara",,6,
SoCal Hoods,,,,https://socalhoods.com/,Food truck cleaning & commercial hood service - Southern CA,HIGH,https://socalhoods.com/contact/,info@socalhoods.com,commercial cleaning,Hi SoCal Hoods team,"Hi SoCal Hoods team,

I run a service that sends commercial cleaning companies a list of LA County restaurant closures and failed health inspections twice a week. We add the phone number, Google Maps link, and website for each one and deliver it by email, text, spreadsheet, or map. Ready to call, no research needed.

You can see a sample here: https://closurealert.tideloop.co/

Ara",,8,7
Action Duct Cleaning,,,,https://actionduct.com/,Restaurant & residential kitchen cleaning - LA,HIGH,https://actionduct.com/contact/,info@actionduct.com,commercial cleaning,Hi Action Duct Cleaning team,"Hi Action Duct Cleaning team,

I run a service that sends commercial cleaning companies a list of LA County restaurant closures and failed health inspections twice a week. We add the phone number, Google Maps link, and website for each one and deliver it by email, text, spreadsheet, or map. Ready to call, no research needed.

You can see a sample here: https://closurealert.tideloop.co/

Ara",,8,8
JR Janitorial Service,,(818) 404-0113,,https://jrjanitorialservice.com/,Janitorial restaurant cleaning - Glendale/Pasadena/LA,HIGH,https://jrjanitorialservice.com/contact/,info@jrjanitorialservice.com,commercial cleaning,Hi JR Janitorial Service team,"Hi JR Janitorial Service team,

I run a service that sends commercial cleaning companies a list of LA County restaurant closures and failed health inspections twice a week. We add the phone number, Google Maps link, and website for each one and deliver it by email, text, spreadsheet, or map. Ready to call, no research needed.

You can see a sample here: https://closurealert.tideloop.co/

Ara",,6,
Janitorial Cleaning LA,,(818) 396-3369,,https://jc-la.com/,Commercial janitorial nightly maintenance - LA,HIGH,https://jc-la.com/contact/,info@jc-la.com,commercial cleaning,Hi Janitorial Cleaning LA team,"Hi Janitorial Cleaning LA team,

I run a service that sends commercial cleaning companies a list of LA County restaurant closures and failed health inspections twice a week. We add the phone number, Google Maps link, and website for each one and deliver it by email, text, spreadsheet, or map. Ready to call, no research needed.

You can see a sample here: https://closurealert.tideloop.co/

Ara",,7,14
The Elite Maids,,(323) 985-2626,,https://www.theelitemaids.com/,Commercial kitchen cleaning - Pasadena/Glendale/LA,HIGH,https://www.theelitemaids.com/contact/,info@theelitemaids.com,commercial cleaning,Hi The Elite Maids team,"Hi The Elite Maids team,

I run a service that sends commercial cleaning companies a list of LA County restaurant closures and failed health inspections twice a week. We add the phone number, Google Maps link, and website for each one and deliver it by email, text, spreadsheet, or map. Ready to call, no research needed.

You can see a sample here: https://closurealert.tideloop.co/

Ara",,9,3
Ronin Pest Control,,,,https://roninpestcontrol.com/,Rodent control - family owned - LA - commercial,HIGH,https://roninpestcontrol.com/contact/,info@roninpestcontrol.com,pest control,Hi Ronin Pest Control team,"Hi Ronin Pest Control team,

I run a service that sends pest control companies a list of LA County restaurant closures and failed health inspections twice a week. We add the phone number, Google Maps link, and website for each one and deliver it by email, text, spreadsheet, or map. Ready to call, no research needed.

You can see a sample here: https://closurealert.tideloop.co/

Ara",,3,
Scheib Pest Solutions,,,,,,Family owned pest control - 20+ years - restaurants hotels,,,pest control,Hi Scheib Pest Solutions team,"Hi Scheib Pest Solutions team,

I run a service that sends pest control companies a list of LA County restaurant closures and failed health inspections twice a week. We add the phone number, Google Maps link, and website for each one and deliver it by email, text, spreadsheet, or map. Ready to call, no research needed.

You can see a sample here: https://closurealert.tideloop.co/

Ara",,-1,
La Mirada Pest Pros,,,,https://lamiradapestpros.com/,Pest control - Norwalk/Downey/Whittier area,,https://lamiradapestpros.com/contact/,info@lamiradapestpros.com,pest control,Hi La Mirada Pest Pros team,"Hi La Mirada Pest Pros team,

I run a service that sends pest control companies a list of LA County restaurant closures and failed health inspections twice a week. We add the phone number, Google Maps link, and website for each one and deliver it by email, text, spreadsheet, or map. Ready to call, no research needed.

You can see a sample here: https://closurealert.tideloop.co/

Ara",,0,
Beach City Pest Control,,,hello@beachcitypestcontrol.com,https://beachcitypestcontrol.com/,Eco-friendly pest control - Santa Monica/Venice/Culver City - commercial,HIGH,,,pest control,Hi Beach City Pest Control team,"Hi Beach City Pest Control team,

I run a service that sends pest control companies a list of LA County restaurant closures and failed health inspections twice a week. We add the phone number, Google Maps link, and website for each one and deliver it by email, text, spreadsheet, or map. Ready to call, no research needed.

You can see a sample here: https://closurealert.tideloop.co/

Ara",,4,
Fenn Termite & Pest Control,,,,https://www.fennpest.com/,Commercial pest control - Santa Monica - family owned 70+ years,HIGH,https://www.fennpest.com/contact/,info@fennpest.com,pest control,Hi Fenn Termite & Pest Control team,"Hi Fenn Termite & Pest Control team,

I run a service that sends pest control companies a list of LA County restaurant closures and failed health inspections twice a week. We add the phone number, Google Maps link, and website for each one and deliver it by email, text, spreadsheet, or map. Ready to call, no research needed.

You can see a sample here: https://closurealert.tideloop.co/

Ara",,3,
Annihilate Those Bugs,,,,https://annihilatethosebugs.com/,Pest & bed bug exterminator - LA - commercial,HIGH,https://annihilatethosebugs.com/contact/,info@annihilatethosebugs.com,pest control,Hi Annihilate Those Bugs team,"Hi Annihilate Those Bugs team,

I run a service that sends pest control companies a list of LA County restaurant closures and failed health inspections twice a week. We add the phone number, Google Maps link, and website for each one and deliver it by email, text, spreadsheet, or map. Ready to call, no research needed.

You can see a sample here: https://closurealert.tideloop.co/

Ara",,3,
EagleShield Pest Control,,,,https://eagleshieldpc.com/,Pest control - LA County - commercial,,https://eagleshieldpc.com/contact/,info@eagleshieldpc.com,pest control,Hi EagleShield Pest Control team,"Hi EagleShield Pest Control team,

I run a service that sends pest control companies a list of LA County restaurant closures and failed health inspections twice a week. We add the phone number, Google Maps link, and website for each one and deliver it by email, text, spreadsheet, or map. Ready to call, no research needed.

You can see a sample here: https://closurealert.tideloop.co/

Ara",,2,
Monterey Park Pest Pros,,,,https://montereyparkpestpros.com/,Pest control - Monterey Park/San Gabriel - same day service,,https://montereyparkpestpros.com/contact/,info@montereyparkpestpros.com,pest control,Hi Monterey Park Pest Pros team,"Hi Monterey Park Pest Pros team,

I run a service that sends pest control companies a list of LA County restaurant closures and failed health inspections twice a week. We add the phone number, Google Maps link, and website for each one and deliver it by email, text, spreadsheet, or map. Ready to call, no research needed.

You can see a sample here: https://closurealert.tideloop.co/

Ara",,0,
1st Response Pest Control,,(661) 236-5534,,https://1stresponsepc.com/,Commercial & residential pest control - Palmdale/Lancaster/SCV,HIGH,https://1stresponsepc.com/contact/,info@1stresponsepc.com,pest control,Hi 1st Response Pest Control team,"Hi 1st Response Pest Control team,

I run a service that sends pest control companies a list of LA County restaurant closures and failed health inspections twice a week. We add the phone number, Google Maps link, and website for each one and deliver it by email, text, spreadsheet, or map. Ready to call, no research needed.

You can see a sample here: https://closurealert.tideloop.co/

Ara",,4,
Bug Patrol Inc,,,,https://bugpatrol.net/,Commercial pest control - Antelope Valley - 30+ years locally owned,HIGH,https://bugpatrol.net/contact/,info@bugpatrol.net,pest control,Hi Bug Patrol Inc team,"Hi Bug Patrol Inc team,

I run a service that sends pest control companies a list of LA County restaurant closures and failed health inspections twice a week. We add the phone number, Google Maps link, and website for each one and deliver it by email, text, spreadsheet, or map. Ready to call, no research needed.

You can see a sample here: https://closurealert.tideloop.co/

Ara",,1,
Sharp Pest Management,,,,https://sharppestmanagement.com/,Green pest control - Palmdale/Lancaster/SCV,,https://sharppestmanagement.com/contact/,info@sharppestmanagement.com,pest control,Hi Sharp Pest Management team,"Hi Sharp Pest Management team,

I run a service that sends pest control companies a list of LA County restaurant closures and failed health inspections twice a week. We add the phone number, Google Maps link, and website for each one and deliver it by email, text, spreadsheet, or map. Ready to call, no research needed.

You can see a sample here: https://closurealert.tideloop.co/

Ara",,0,
Classic Exterminator Co.,,,,https://palmdalepestexterminator.com/,Pest control - SCV/Antelope Valley - family owned,,https://palmdalepestexterminator.com/contact/,info@palmdalepestexterminator.com,pest control,Hi Classic Exterminator Co. team,"Hi Classic Exterminator Co. team,

I run a service that sends pest control companies a list of LA County restaurant closures and failed health inspections twice a week. We add the phone number, Google Maps link, and website for each one and deliver it by email, text, spreadsheet, or map. Ready to call, no research needed.

You can see a sample here: https://closurealert.tideloop.co/

Ara",,0,
Hydrex Pest Control (SCV),,(661) 945-4575,,https://hydrexbugs.com/,Pest & termite - Palmdale/Lancaster/SCV - family run since 1970,HIGH,https://hydrexbugs.com/contact/,info@hydrexbugs.com,pest control,Hi Hydrex Pest Control (SCV) team,"Hi Hydrex Pest Control (SCV) team,

I run a service that sends pest control companies a list of LA County restaurant closures and failed health inspections twice a week. We add the phone number, Google Maps link, and website for each one and deliver it by email, text, spreadsheet, or map. Ready to call, no research needed.

You can see a sample here: https://closurealert.tideloop.co/

Ara",,2,
Excel Pest Management,,(888) 694-3707,,https://www.excelpestmgt.com/,Commercial pest control - Santa Clarita - 30 years experience,HIGH,https://www.excelpestmgt.com/contact/,info@excelpestmgt.com,pest control,Hi Excel Pest Management team,"Hi Excel Pest Management team,

I run a service that sends pest control companies a list of LA County restaurant closures and failed health inspections twice a week. We add the phone number, Google Maps link, and website for each one and deliver it by email, text, spreadsheet, or map. Ready to call, no research needed.

You can see a sample here: https://closurealert.tideloop.co/

Ara",,4,
Grease Management Solutions,,(888) 696-9906,,https://greasemanagement.org/,Grease trap hood cleaning hydro jetting - all SoCal counties,HIGH,https://greasemanagement.org/contact/,info@greasemanagement.org,commercial cleaning,Hi Grease Management Solutions team,"Hi Grease Management Solutions team,

I run a service that sends commercial cleaning companies a list of LA County restaurant closures and failed health inspections twice a week. We add the phone number, Google Maps link, and website for each one and deliver it by email, text, spreadsheet, or map. Ready to call, no research needed.

You can see a sample here: https://closurealert.tideloop.co/

Ara",,5,
Optimal Biofuels / Facility Pros,,,,https://www.optimalbiofuels.com/,Grease trap cleaning restaurant - LA/OC - eco-friendly,HIGH,https://www.optimalbiofuels.com/contact/,info@optimalbiofuels.com,commercial cleaning,Hi Optimal Biofuels / Facility Pros team,"Hi Optimal Biofuels / Facility Pros team,

I run a service that sends commercial cleaning companies a list of LA County restaurant closures and failed health inspections twice a week. We add the phone number, Google Maps link, and website for each one and deliver it by email, text, spreadsheet, or map. Ready to call, no research needed.

You can see a sample here: https://closurealert.tideloop.co/

Ara",,5,
Los Angeles Grease Trap,,,info@losangelesgrease.com,https://losangelesgrease.com/,Grease trap cleaning used cooking oil - LA,HIGH,,,commercial cleaning,Hi Los Angeles Grease Trap team,"Hi Los Angeles Grease Trap team,

I run a service that sends commercial cleaning companies a list of LA County restaurant closures and failed health inspections twice a week. We add the phone number, Google Maps link, and website for each one and deliver it by email, text, spreadsheet, or map. Ready to call, no research needed.

You can see a sample here: https://closurealert.tideloop.co/

Ara",,5,
Office Cleaning Long Beach,,(562) 270-4806,jbslongbeach@gmail.com,https://www.officecleaninglongbeach.com/,Restaurant cleaning janitorial - Long Beach,HIGH,,,commercial cleaning,Hi Office Cleaning Long Beach team,"Hi Office Cleaning Long Beach team,

I run a service that sends commercial cleaning companies a list of LA County restaurant closures and failed health inspections twice a week. We add the phone number, Google Maps link, and website for each one and deliver it by email, text, spreadsheet, or map. Ready to call, no research needed.

You can see a sample here: https://closurealert.tideloop.co/

Ara",,8,9
Janitor Pro Clean,,(310) 906-9097,vipservice@janitorproclean.com,https://janitorproclean.com/,Restaurant kitchen cleaning janitorial - Torrance,HIGH,,,commercial cleaning,Hi Janitor Pro Clean team,"Hi Janitor Pro Clean team,

I run a service that sends commercial cleaning companies a list of LA County restaurant closures and failed health inspections twice a week. We add the phone number, Google Maps link, and website for each one and deliver it by email, text, spreadsheet, or map. Ready to call, no research needed.

You can see a sample here: https://closurealert.tideloop.co/

Ara",,7,15
Hot Shot Commercial Services,,,,https://hotshot-windowcleaning.com/,Restaurant cleaning - Long Beach - 21+ years,HIGH,https://hotshot-windowcleaning.com/contact/,info@hotshot-windowcleaning.com,commercial cleaning,Hi Hot Shot Commercial Services team,"Hi Hot Shot Commercial Services team,

I run a service that sends commercial cleaning companies a list of LA County restaurant closures and failed health inspections twice a week. We add the phone number, Google Maps link, and website for each one and deliver it by email, text, spreadsheet, or map. Ready to call, no research needed.

You can see a sample here: https://closurealert.tideloop.co/

Ara",,5,
SoCal Cleaners,,,,https://socalcleaner.com/,Restaurant kitchen deep cleaning - Long Beach/South Bay,HIGH,https://socalcleaner.com/contact/,info@socalcleaner.com,commercial cleaning,Hi SoCal Cleaners team,"Hi SoCal Cleaners team,

I run a service that sends commercial cleaning companies a list of LA County restaurant closures and failed health inspections twice a week. We add the phone number, Google Maps link, and website for each one and deliver it by email, text, spreadsheet, or map. Ready to call, no research needed.

You can see a sample here: https://closurealert.tideloop.co/

Ara",,5,
InterKleen,,,info@interkleen.com,https://www.interkleen.com/,Commercial kitchen cleaning service - LA,HIGH,,,commercial cleaning,Hi InterKleen team,"Hi InterKleen team,

I run a service that sends commercial cleaning companies a list of LA County restaurant closures and failed health inspections twice a week. We add the phone number, Google Maps link, and website for each one and deliver it by email, text, spreadsheet, or map. Ready to call, no research needed.

You can see a sample here: https://closurealert.tideloop.co/

Ara",,9,4
JR Grease Services,,(888) 800-0118,,https://www.greaseservices.com/,Grease trap cleaning plumbing - LA restaurants,HIGH,https://www.greaseservices.com/contact/,info@greaseservices.com,commercial cleaning,Hi JR Grease Services team,"Hi JR Grease Services team,

I run a service that sends commercial cleaning companies a list of LA County restaurant closures and failed health inspections twice a week. We add the phone number, Google Maps link, and website for each one and deliver it by email, text, spreadsheet, or map. Ready to call, no research needed.

You can see a sample here: https://closurealert.tideloop.co/

Ara",,6,
Elimitech Pest Control,,,,https://www.elimitechpest.com/,Commercial pest control - West Covina/Baldwin Park/El Monte,HIGH,https://www.elimitechpest.com/contact/,info@elimitechpest.com,pest control,Hi Elimitech Pest Control team,"Hi Elimitech Pest Control team,

I run a service that sends pest control companies a list of LA County restaurant closures and failed health inspections twice a week. We add the phone number, Google Maps link, and website for each one and deliver it by email, text, spreadsheet, or map. Ready to call, no research needed.

You can see a sample here: https://closurealert.tideloop.co/

Ara",,3,
Baldwin Park Pest Pros,,,,https://baldwinparkpestpros.com/,Pest control - Baldwin Park/West Covina/El Monte - same day,,https://baldwinparkpestpros.com/contact/,info@baldwinparkpestpros.com,pest control,Hi Baldwin Park Pest Pros team,"Hi Baldwin Park Pest Pros team,

I run a service that sends pest control companies a list of LA County restaurant closures and failed health inspections twice a week. We add the phone number, Google Maps link, and website for each one and deliver it by email, text, spreadsheet, or map. Ready to call, no research needed.

You can see a sample here: https://closurealert.tideloop.co/

Ara",,0,
A.B.L.A. Pest Control,,,,https://www.ablapestcontrol.com/,Pest control - Echo Park/Silver Lake/Hollywood - LA,,https://www.ablapestcontrol.com/contact/,info@ablapestcontrol.com,pest control,Hi A.B.L.A. Pest Control team,"Hi A.B.L.A. Pest Control team,

I run a service that sends pest control companies a list of LA County restaurant closures and failed health inspections twice a week. We add the phone number, Google Maps link, and website for each one and deliver it by email, text, spreadsheet, or map. Ready to call, no research needed.

You can see a sample here: https://closurealert.tideloop.co/

Ara",,0,
West Covina Termite,,,,https://westcovinatermite.com/,Termite & pest control - West Covina/Baldwin Park - local,,https://westcovinatermite.com/contact/,info@westcovinatermite.com,pest control,Hi West Covina Termite team,"Hi West Covina Termite team,

I run a service that sends pest control companies a list of LA County restaurant closures and failed health inspections twice a week. We add the phone number, Google Maps link, and website for each one and deliver it by email, text, spreadsheet, or map. Ready to call, no research needed.

You can see a sample here: https://closurealert.tideloop.co/

Ara",,0,
Annihilate Pest Control,,(323) 350-2100,,https://annihilatethosebugs.com/,Pest & bed bug exterminator - LA - commercial & residential,HIGH,https://annihilatethosebugs.com/contact/,info@annihilatethosebugs.com,pest control,Hi Annihilate Pest Control team,"Hi Annihilate Pest Control team,

I run a service that sends pest control companies a list of LA County restaurant closures and failed health inspections twice a week. We add the phone number, Google Maps link, and website for each one and deliver it by email, text, spreadsheet, or map. Ready to call, no research needed.

You can see a sample here: https://closurealert.tideloop.co/

Ara",,4,
Gladiator Pest Control,,(323) 310-3348,,https://www.gladiatorpestcontrol.com/,Commercial & residential pest control - LA - decades experience,HIGH,https://www.gladiatorpestcontrol.com/contact/,info@gladiatorpestcontrol.com,pest control,Hi Gladiator Pest Control team,"Hi Gladiator Pest Control team,

I run a service that sends pest control companies a list of LA County restaurant closures and failed health inspections twice a week. We add the phone number, Google Maps link, and website for each one and deliver it by email, text, spreadsheet, or map. Ready to call, no research needed.

You can see a sample here: https://closurealert.tideloop.co/

Ara",,4,
Admiral Pest Control,,(866) 400-1915,,https://admiralpest.com/,Commercial pest control - Bellflower/Cerritos/Lakewood - 75+ years family owned,HIGH,https://admiralpest.com/contact/,info@admiralpest.com,pest control,Hi Admiral Pest Control team,"Hi Admiral Pest Control team,

I run a service that sends pest control companies a list of LA County restaurant closures and failed health inspections twice a week. We add the phone number, Google Maps link, and website for each one and deliver it by email, text, spreadsheet, or map. Ready to call, no research needed.

You can see a sample here: https://closurealert.tideloop.co/

Ara",,4,
Cerritos Pest Pros,,(562) 312-4403,,https://cerritospestpros.com/,Pest control - Cerritos/Artesia/Lakewood/Bellflower,,https://cerritospestpros.com/contact/,info@cerritospestpros.com,pest control,Hi Cerritos Pest Pros team,"Hi Cerritos Pest Pros team,

I run a service that sends pest control companies a list of LA County restaurant closures and failed health inspections twice a week. We add the phone number, Google Maps link, and website for each one and deliver it by email, text, spreadsheet, or map. Ready to call, no research needed.

You can see a sample here: https://closurealert.tideloop.co/

Ara",,1,
California Pest Management,Jim Harmon,(909) 599-0125,,https://californiapestmanagement.com/,Commercial pest control - San Dimas/La Verne - entomologist on staff,HIGH,https://californiapestmanagement.com/contact/,info@californiapestmanagement.com | jim@californiapestmanagement.com,pest control,Hi Jim,"Hi Jim,

I run a service that sends pest control companies a list of LA County restaurant closures and failed health inspections twice a week. We add the phone number, Google Maps link, and website for each one and deliver it by email, text, spreadsheet, or map. Ready to call, no research needed.

You can see a sample here: https://closurealert.tideloop.co/

Ara",,7,
Armed Exterminators,,(626) 256-3200,armedex@sbcglobal.net,https://armedexterminators.net/,Commercial pest control - Downtown LA/Koreatown/Pasadena - since 1997,HIGH,,,pest control,Hi Armed Exterminators team,"Hi Armed Exterminators team,

I run a service that sends pest control companies a list of LA County restaurant closures and failed health inspections twice a week. We add the phone number, Google Maps link, and website for each one and deliver it by email, text, spreadsheet, or map. Ready to call, no research needed.

You can see a sample here: https://closurealert.tideloop.co/

Ara",,5,
Grease Bullies,,,,https://greasebullies.com/,Restaurant hood & kitchen deep cleaning - LA,HIGH,https://greasebullies.com/contact/,info@greasebullies.com,commercial cleaning,Hi Grease Bullies team,"Hi Grease Bullies team,

I run a service that sends commercial cleaning companies a list of LA County restaurant closures and failed health inspections twice a week. We add the phone number, Google Maps link, and website for each one and deliver it by email, text, spreadsheet, or map. Ready to call, no research needed.

You can see a sample here: https://closurealert.tideloop.co/

Ara",,5,
Kitchen Hood Pros,,,,https://kitchenhoodpros.com/,Commercial hood cleaning - Los Angeles,HIGH,https://kitchenhoodpros.com/contact/,info@kitchenhoodpros.com,commercial cleaning,Hi Kitchen Hood Pros team,"Hi Kitchen Hood Pros team,

I run a service that sends commercial cleaning companies a list of LA County restaurant closures and failed health inspections twice a week. We add the phone number, Google Maps link, and website for each one and deliver it by email, text, spreadsheet, or map. Ready to call, no research needed.

You can see a sample here: https://closurealert.tideloop.co/

Ara",,6,
Kitchen Services,,(323) 310-2010,support@kitchen.services,https://kitchen.services/,Kitchen hood cleaning installation HVAC - LA - #1 provider,HIGH,,,commercial cleaning,Hi Kitchen Services team,"Hi Kitchen Services team,

I run a service that sends commercial cleaning companies a list of LA County restaurant closures and failed health inspections twice a week. We add the phone number, Google Maps link, and website for each one and deliver it by email, text, spreadsheet, or map. Ready to call, no research needed.

You can see a sample here: https://closurealert.tideloop.co/

Ara",,7,
San Fernando Hood Cleaning,,(818) 714-8345,office@sanfernandohoodcleaning.com,https://sanfernandohoodcleaning.com/,Hood cleaning - Van Nuys/SFV,HIGH,,,commercial cleaning,Hi San Fernando Hood Cleaning team,"Hi San Fernando Hood Cleaning team,

I run a service that sends commercial cleaning companies a list of LA County restaurant closures and failed health inspections twice a week. We add the phone number, Google Maps link, and website for each one and deliver it by email, text, spreadsheet, or map. Ready to call, no research needed.

You can see a sample here: https://closurealert.tideloop.co/

Ara",,6,
Los Angeles Hood Cleaning (2),,,,https://losangeleshoodcleaning.com/,Hood cleaning - Los Angeles,HIGH,https://losangeleshoodcleaning.com/contact/,info@losangeleshoodcleaning.com,commercial cleaning,Hi Los Angeles Hood Cleaning (2) team,"Hi Los Angeles Hood Cleaning (2) team,

I run a service that sends commercial cleaning companies a list of LA County restaurant closures and failed health inspections twice a week. We add the phone number, Google Maps link, and website for each one and deliver it by email, text, spreadsheet, or map. Ready to call, no research needed.

You can see a sample here: https://closurealert.tideloop.co/

Ara",,4,
Forte Commercial Cleaning,,,,http://www.fortecommercialcleaning.com/,Restaurant cleaning services - LA,HIGH,http://www.fortecommercialcleaning.com/contact/,info@fortecommercialcleaning.com,commercial cleaning,Hi Forte Commercial Cleaning team,"Hi Forte Commercial Cleaning team,

I run a service that sends commercial cleaning companies a list of LA County restaurant closures and failed health inspections twice a week. We add the phone number, Google Maps link, and website for each one and deliver it by email, text, spreadsheet, or map. Ready to call, no research needed.

You can see a sample here: https://closurealert.tideloop.co/

Ara",,5,
A Commercial Cleaning,,,,https://www.acommercialcleaning.us/,Restaurant kitchen cleaning - San Fernando Valley,HIGH,https://www.acommercialcleaning.us/contact/,info@acommercialcleaning.us,commercial cleaning,Hi A Commercial Cleaning team,"Hi A Commercial Cleaning team,

I run a service that sends commercial cleaning companies a list of LA County restaurant closures and failed health inspections twice a week. We add the phone number, Google Maps link, and website for each one and deliver it by email, text, spreadsheet, or map. Ready to call, no research needed.

You can see a sample here: https://closurealert.tideloop.co/

Ara",,5,
Aizenfire,,,,https://aizenfire.com/,Restaurant hood and duct cleaning - SFV,HIGH,https://aizenfire.com/contact/,info@aizenfire.com,commercial cleaning,Hi Aizenfire team,"Hi Aizenfire team,

I run a service that sends commercial cleaning companies a list of LA County restaurant closures and failed health inspections twice a week. We add the phone number, Google Maps link, and website for each one and deliver it by email, text, spreadsheet, or map. Ready to call, no research needed.

You can see a sample here: https://closurealert.tideloop.co/

Ara",,5,
Amores Pest Services,,,,https://azusabestpestpros.com/,Pest control - Azusa/SGV - rodent exclusion specialist - since 2011,HIGH,https://azusabestpestpros.com/contact/,info@azusabestpestpros.com,pest control,Hi Amores Pest Services team,"Hi Amores Pest Services team,

I run a service that sends pest control companies a list of LA County restaurant closures and failed health inspections twice a week. We add the phone number, Google Maps link, and website for each one and deliver it by email, text, spreadsheet, or map. Ready to call, no research needed.

You can see a sample here: https://closurealert.tideloop.co/

Ara",,1,
Pest Control California,,(562) 362-5308,,https://pestcontrolcalifornia.us/,Pest control - Long Beach/LA - commercial,HIGH,https://pestcontrolcalifornia.us/contact/,info@pestcontrolcalifornia.us,pest control,Hi Pest Control California team,"Hi Pest Control California team,

I run a service that sends pest control companies a list of LA County restaurant closures and failed health inspections twice a week. We add the phone number, Google Maps link, and website for each one and deliver it by email, text, spreadsheet, or map. Ready to call, no research needed.

You can see a sample here: https://closurealert.tideloop.co/

Ara",,4,
Ronin Pest Control,,(310) 765-0509,,https://roninpestcontrol.com/,Rodent control - family owned - LA - commercial,HIGH,https://roninpestcontrol.com/contact/,info@roninpestcontrol.com,pest control,Hi Ronin Pest Control team,"Hi Ronin Pest Control team,

I run a service that sends pest control companies a list of LA County restaurant closures and failed health inspections twice a week. We add the phone number, Google Maps link, and website for each one and deliver it by email, text, spreadsheet, or map. Ready to call, no research needed.

You can see a sample here: https://closurealert.tideloop.co/

Ara",,4,
Pest Contractor,,,,http://pestcontractor.com/,Pest control - Mid-Wilshire/LA,,http://pestcontractor.com/contact/,info@pestcontractor.com,pest control,Hi Pest Contractor team,"Hi Pest Contractor team,

I run a service that sends pest control companies a list of LA County restaurant closures and failed health inspections twice a week. We add the phone number, Google Maps link, and website for each one and deliver it by email, text, spreadsheet, or map. Ready to call, no research needed.

You can see a sample here: https://closurealert.tideloop.co/

Ara",,0,
Icon Fire Prevention,,,,https://iconfireprevention.com/,Exhaust hood cleaning fire suppression - LA,HIGH,https://iconfireprevention.com/contact/,info@iconfireprevention.com,commercial cleaning,Hi Icon Fire Prevention team,"Hi Icon Fire Prevention team,

I run a service that sends commercial cleaning companies a list of LA County restaurant closures and failed health inspections twice a week. We add the phone number, Google Maps link, and website for each one and deliver it by email, text, spreadsheet, or map. Ready to call, no research needed.

You can see a sample here: https://closurealert.tideloop.co/

Ara",,4,
Sprague Pest Solutions,,,,https://www.spraguepest.com/,Commercial pest - food manufacturing/hospitality - family owned since 1926,HIGH,https://www.spraguepest.com/contact/,info@spraguepest.com,pest control,Hi Sprague Pest Solutions team,"Hi Sprague Pest Solutions team,

I run a service that sends pest control companies a list of LA County restaurant closures and failed health inspections twice a week. We add the phone number, Google Maps link, and website for each one and deliver it by email, text, spreadsheet, or map. Ready to call, no research needed.

You can see a sample here: https://closurealert.tideloop.co/

Ara",,5,
Scheib Pest Solutions,,,,,,Family owned pest control - restaurants hotels industrial - LA - 20+ years,,,pest control,Hi Scheib Pest Solutions team,"Hi Scheib Pest Solutions team,

I run a service that sends pest control companies a list of LA County restaurant closures and failed health inspections twice a week. We add the phone number, Google Maps link, and website for each one and deliver it by email, text, spreadsheet, or map. Ready to call, no research needed.

You can see a sample here: https://closurealert.tideloop.co/

Ara",,-1,
